"figure","figure_sample_row","position_1_base","position_1_percentage","position_2_base","position_2_percentage","position_3_base","position_3_percentage","position_4_base","position_4_percentage","position_5_base","position_5_percentage","position_6_base","position_6_percentage","position_7_base","position_7_percentage","position_8_base","position_8_percentage","position_9_base","position_9_percentage","position_10_base","position_10_percentage","normalized_PAM_entropy"
"fig_5CD",1,"G","0.318311846911213","G","0.413064140285025","C","0.325753199317899","G","0.37464543462598","G","0.909294318701301","A","0.719610768587386","T","0.827765841735184","T","0.876514349987435","T","0.433192419000531","T","0.405676569615359",0.0737433029166639
"fig_5CD",2,"C","0.353762601300804","A","0.320921717123153","A","0.443262703226625","T","0.650296738758351","C","0.900679633682445","C","0.878845199678453","A","0.661985514994634","C","0.281259110822214","C","0.311534541314574","T","0.30423819102822",NA
"fig_5CD",3,"C","0.33098672884176","C","0.299071163292633","T","0.330094345411038","C","0.325041415975197","C","0.904490610574338","A","0.857605741571533","A","0.935310773206481","A","0.928844828146261","A","0.462414325776798","T","0.30639430173929",NA
"fig_5CD",4,"C","0.364027353326802","G","0.389119107848728","G","0.340455336384506","C","0.413941813254568","A","0.694254924037491","T","0.875008164080968","T","0.898906744261991","T","0.860472688102863","T","0.456046050290739","T","0.474180545604313",NA
"fig_5CD",5,"C","0.362845629738343","G","0.294480163487506","C","0.279915824413053","C","0.342706204589767","C","0.820337598286624","A","0.71102346079841","T","0.472598137300494","A","0.7829684160228","T","0.354332077596836","T","0.351476805850054",NA
"fig_5CD",6,"G","0.281956010503485","G","0.314962193780165","C","0.281683580746422","G","0.290097266211328","G","0.454099979963231","A","0.36717203851278","T","0.412876963691265","T","0.425276911665969","T","0.295080094348577","T","0.278525153175828",0.92448802720939
"fig_5CD",7,"C","0.329213143416789","C","0.272787027481809","A","0.321332088840979","T","0.421925632817789","C","0.554406554618535","C","0.55351262349067","A","0.411267476024899","C","0.27575967713311","C","0.276959253830429","T","0.27344432978171",NA
"fig_5CD",8,"C","0.29254668741663","C","0.277600650794292","T","0.257301224786774","C","0.278565726181333","C","0.47054246331703","A","0.433308743279842","A","0.480380168963984","A","0.478376753304499","A","0.325455252839646","T","0.268417276365253",NA
"fig_5CD",9,"C","0.289349450483364","G","0.288011366199089","G","0.276220438109843","C","0.296678844737119","A","0.28347841775292","T","0.318858719348097","T","0.32146723196969","T","0.313525175529596","T","0.26165937485905","T","0.265019620224618",NA
"fig_5CD",10,"C","0.304793046068632","G","0.273072134237872","G","0.277748317288911","C","0.276441712284248","C","0.400216770092377","A","0.374405503034615","T","0.321537870765794","A","0.384043792878172","T","0.277753304330913","C","0.283764352291296",NA
