"Figure","Row.in.Figure","Col.1_Nuc.Base.","Col.1_Rel.Freq.","Col.2_Nuc.Base.","Col.2_Rel.Freq.","Col.3_Nuc.Base.","Col.3_Rel.Freq.","Col.4_Nuc.Base.","Col.4_Rel.Freq.","Col.5_Nuc.Base.","Col.5_Rel.Freq.","Col.6_Nuc.Base.","Col.6_Rel.Freq.","Col.7_Nuc.Base.","Col.7_Rel.Freq.","Col.8_Nuc.Base.","Col.8_Rel.Freq.","Col.9_Nuc.Base.","Col.9_Rel.Freq.","Col.10_Nuc.Base.","Col.10_Rel.Freq.","Norm.PAM.Ent."
"Fig.4E",1,"C","0.267312581981842","G","0.275410515121381","G","0.280038954686534","C","0.278963734831982","C","0.271446009127618","G","0.263308416239345","C","0.269656913795864","G","0.272569702008399","G","0.271554706216739","C","0.27443811683762",1.00026164430165
"Fig.4E",2,"G","0.294972987463437","G","0.401558124988255","C","0.337310972646906","G","0.379964970184004","G","0.901517664668707","A","0.698150292253901","T","0.80521520096123","T","0.859376420185979","T","0.422182916694311","T","0.394195497360875",0.104308490891973
"Fig.4E",3,"C","0.280773179102626","G","0.277220647114557","G","0.28667009454841","C","0.2787595982187","G","0.274443883118821","G","0.265140060731038","C","0.27400071554035","G","0.278683190015515","G","0.266625076632933","C","0.266589119831435",0.999501064747601
"Fig.4E",4,"G","0.299753892044375","G","0.379144200069174","C","0.322152315034177","G","0.355060007557174","G","0.842098655102992","A","0.639142960532761","T","0.748244956386311","T","0.781630070353688","T","0.417732967870017","T","0.394610015854071",0.300179707725511
"Fig.4E",5,"C","0.267618923364381","G","0.279012687954597","G","0.275874481042621","C","0.274926262621556","G","0.27534445723232","G","0.27523379292028","C","0.27147703074837","C","0.268577625772903","G","0.26975183236803","C","0.274311202024109",1.00019089798086
"Fig.4E",6,"C","0.267980761995535","G","0.281046991396825","G","0.281126940730894","C","0.276781459279139","G","0.279789748927738","G","0.260155133060774","C","0.272677393463593","C","0.272990920263864","G","0.272823183425719","C","0.268944856906368",0.99998778738409
"Fig.4E",7,"C","0.268532700999828","G","0.280831086252336","G","0.278834885538624","C","0.27405071203585","G","0.27568202677389","G","0.265996794288671","C","0.273178644717945","G","0.271048279801478","G","0.266048630457917","C","0.269932277569473",0.999699636861293
"Fig.4E",8,"G","0.26046248745359","G","0.262738869020357","G","0.267032420896715","C","0.268041006051511","C","0.293262456270281","G","0.290648905173506","A","0.258331303169978","T","0.269200635359924","G","0.264391584404448","T","0.271779105233924",0.998162154706928
"Fig.4E",9,"C","0.2948538833015","G","0.374113253539173","C","0.332368382835493","G","0.350517847065074","G","0.80127366112544","A","0.598763196644013","T","0.707585531165496","T","0.753592943161827","T","0.408388681263937","T","0.382819867532625",0.402671487257043
"Fig.4E",10,"G","0.288147495756756","G","0.406816409933372","C","0.355380706021421","G","0.382151738028996","G","0.907700054632379","A","0.699901039570562","T","0.826925791343198","T","0.865323215650135","T","0.423658736222822","T","0.399273253270652",0.0948807165183509
"Fig.4E",11,"C","0.277073153907938","G","0.316245053023103","C","0.287779250918097","G","0.294392464478268","G","0.455768538188639","A","0.368131354299385","T","0.411705872170183","T","0.431239093768882","T","0.294661078608433","T","0.293599886983092",0.934574637834286
"Fig.4E",12,"C","0.284690329119407","G","0.33101439143448","C","0.28905306811781","G","0.288828899512623","G","0.475032271730344","A","0.373979724139634","T","0.422117082502595","T","0.430347679807443","T","0.293006414451656","T","0.289309532200015",0.910530497788614
"Fig.4E",13,"G","0.296015602191018","G","0.379290172106908","C","0.330603658118894","G","0.367322216088441","G","0.848038351967289","A","0.660187488575476","T","0.752651496974401","T","0.793535083866539","T","0.398067602412273","T","0.387952846158045",0.272360708310874
"Fig.4E",14,"G","0.296082857800403","G","0.368717269984676","C","0.335295303694682","G","0.374701231095184","G","0.829447361537797","A","0.634896324462376","T","0.736753135927886","T","0.771416584303675","T","0.400931795295984","T","0.382402376942125",0.329985590398957
